{"main":"externalsystem-renovars-s-api.raml","name":"externalSystem-renovars-s-api","classifier":"raml","tags":[],"dependencies":[{"groupId":"68ef9520-24e9-4cf2-b2f5-620025690913","assetId":"training-oauth20-security-scheme","version":"1.0.2"},{"groupId":"9b82ee49-beb3-47b7-a619-0e05153193f5","assetId":"error-library","version":"1.0.1"},{"groupId":"9b82ee49-beb3-47b7-a619-0e05153193f5","assetId":"errors-traits","version":"1.0.0"},{"groupId":"9b82ee49-beb3-47b7-a619-0e05153193f5","assetId":"client-enforcement-fragment","version":"1.0.0"}],"groupId":"9b82ee49-beb3-47b7-a619-0e05153193f5","organizationId":"9b82ee49-beb3-47b7-a619-0e05153193f5","assetId":"externalsystem-renovars-s-api","version":"1.0.1","apiVersion":"v1","originalFormatVersion":"1.0","metadata":{"projectId":"340f287f-fc4f-43d3-9ad2-1046a871a895","branchId":"master","commitId":"ace0ddcad9faf3c56eadcea243adcf2be2872db7"}}