{
	"timestamp": "2023-02-24T15:00:00.000Z",
	"transactionId": "AFedf96459eee40ae325ab75",
	"request":{
		"title": "Esempio immobile",
		"status": "Disponibile",
		"via": "Via Roma",
		"citta": "Milano",
		"provincia_immobili": "MI",
		"descrizione_immobile": "Appartamento di lusso con vista panoramica",
		"map": "https://www.google.com/maps/embed?pb=!1m18!1m12!1m3!1d1114.6347349552953!2d9.186072229134142!3d45.47340681728868!2m3!1f0!2f0!3f0!3m2!1i1024!2i768!4f13.1!3m3!1m2!1s0x4786c476711a5e5d%3A0x1c76bca6c8398fdd!2sPiazza%20Duca%20d&#39;Aosta%2C%2021%2C%2020129%20Milano%20MI%2C%20Italy!5e0!3m2!1sen!2sus!4v1620143774847!5m2!1sen!2sus",
		"prezzo": 1000000,
		"tipologia_id": 1,
		"superficie_mq": 200,
		"stato": "Ristrutturato",
		"anno": 2015,
		"bagni": 3,
		"locali": 5,
		"balcone_mq": 20,
		"giardino_mq": 50,
		"garage": true,
		"ascensore": true,
		"piano": 5,
		"esposizione": "Sud",
		"panoramica_distanza": 10,
		"panoramica_qualita": "Ottima",
		"riscaldamento": "Autonomo",
		"classe_energetica": "A+",
		"tipo_proprieta": "Intera Proprietà",
		"finiture_qualita": "Lusso",
		"impianti_qualita": "Nuovi",
		"cucina_valore": 10000,
		"crm_id": 1234
	}
}
